id,vehicle_name,vehicle_type,supplier,supplier_abbr,recipient,recipient_abbr,count,is_delivered,is_soviet,proof,year_first_produced
0,Su-25,Aircraft,NATO,NATO,Ukraine,UA,14,True,False,https://i.postimg.cc/RF9WvybT/547.png,1978.0
1,Su-25,Aircraft,Macedonia,MAC,Ukraine,UA,4,True,False,https://i.postimg.cc/9fFtzknc/47j.png,1978.0
2,MiG-29AS'/UBS',Aircraft,Slovakia,SLVK,Ukraine,UA,10,True,False,https://i.postimg.cc/BbwRwDPK/87500.png,1983.0
3,MiG-29As/UB,Aircraft,Slovakia,SLVK,Ukraine,UA,3,True,False,https://i.postimg.cc/mgrKWmyF/87500.png,1983.0
4,MiG-29,Aircraft,Poland,PL,Ukraine,UA,14,True,False,https://i.postimg.cc/x17pDndW/8740.png,1983.0
5,F-16A/B,Aircraft,Netherlands,NTHL,Ukraine,UA,42,True,False,https://i.postimg.cc/WbLWWzmG/30765,1974.0
6,F-16AM/BM,Aircraft,Denmark,DEN,Ukraine,UA,19,True,False,https://i.postimg.cc/WbLWWzmG/30765,1974.0
7,F-16AM/BM,Aircraft,Norway,NOR,Ukraine,UA,0,True,False,https://i.postimg.cc/nzS84vvB/658,1974.0
8,Mi-17V5,Helicopters,United States,USA,Ukraine,UA,20,True,False,https://i.postimg.cc/RV5jF49Q/image.jpg,1977.0
9,Mi-8MT,Helicopters,United States,USA,Ukraine,UA,1,True,False,https://i.postimg.cc/2S62YqVS/image.jpg,1961.0
10,Mi-24V,Helicopters,Czech Republic,CZ,Ukraine,UA,4,False,False,https://i.postimg.cc/zBtTMPNc/image.jpg,1976.0
11,Mi-2,Helicopters,Slovakia,SLVK,Ukraine,UA,1,True,False,https://i.postimg.cc/L6J37yqF/6689.png,1965.0
12,Mi-17,Helicopters,Slovakia,SLVK,Ukraine,UA,4,True,False,https://i.postimg.cc/SxpDHwwY/886.png,1977.0
13,Mi-2,Helicopters,Latvia,LTV,Ukraine,UA,2,True,False,https://i.postimg.cc/qMqGkSW0/image.jpg,1965.0
14,Mi-17,Helicopters,Latvia,LTV,Ukraine,UA,4,True,False,https://i.postimg.cc/d1YNhVXj/image.jpg,1977.0
15,Westland Sea King,Helicopters,United Kingdom,UK,Ukraine,UA,3,True,False,https://i.postimg.cc/nzVD3QJZ/image.jpg,1969.0
16,Mi-8T,Helicopters,Croatia,CRO,Ukraine,UA,2,True,False,https://i.postimg.cc/mDYGgVpN/873.png,1977.0
17,Mi-8PS,Helicopters,Croatia,CRO,Ukraine,UA,1,True,False,https://i.postimg.cc/1tq3cpCf/487.png,1961.0
18,Mi-8MTV-1,Helicopters,Croatia,CRO,Ukraine,UA,10,True,False,https://i.postimg.cc/bYgGwRtR/38kp.png,1961.0
19,Mi-8MTV-1VA,Helicopters,Croatia,CRO,Ukraine,UA,1,True,False,https://i.postimg.cc/NGJVtWp7/3u7.png,1961.0
20,Mi-24V,Helicopters,Poland,PL,Ukraine,UA,12,True,False,https://i.postimg.cc/kgrpz8QX/image.jpg,1976.0
21,Mi-8,Helicopters,Lithuania,LITH,Ukraine,UA,2,True,False,https://postimg.cc/K1YtCpyR,1961.0
22,Mi-24V,Helicopters,Macedonia,MAC,Ukraine,UA,10,True,False,https://i.postimg.cc/cCxNzw1x/35y.png,1976.0
23,Mi-24K,Helicopters,Macedonia,MAC,Ukraine,UA,2,True,False,https://i.postimg.cc/Wbs3RqYJ/387k.png,1976.0
24,Ka-32A11BC,Helicopters,Portugal,POR,Ukraine,UA,6,True,False,https://i.postimg.cc/xj7bC4RB/468.png,1982.0
25,Bayraktar TB2,Unmanned Combat Aerial Vehicles,Turkey,TRK,Ukraine,UA,35,True,False,https://i.postimg.cc/N0n17mfj/ezgif,2014.0
26,T-72M1,Tanks,Germany,GER,Ukraine,UA,0,True,False,https://i.postimg.cc/W4cTJ6wp/image.jpg,1979.0
27,T-72M1,Tanks,Czech Republic,CZ,Ukraine,UA,50,True,False,https://postimg.cc/Q9qCLVn4,1979.0
28,T-72M(R)s and T-72M1(R),Tanks,Poland,PL,Ukraine,UA,250,True,False,https://i.postimg.cc/N0Bdqc24/image.jpg,1979.0
29,T-72A,Tanks,Macedonia,MAC,Ukraine,UA,31,True,False,https://twitter.com/UAWeapons/status/1552975117336076290,1979.0
30,M-55S',Tanks,Germany,GER,Ukraine,UA,28,True,False,https://i.postimg.cc/HsbNf3PT/luuf95ms2x9a1.jpg,1999.0
31,T-72EA,Tanks,Netherlands,NTHL,Ukraine,UA,45,True,False,https://i.postimg.cc/KjygcsNq/ea,2022.0
32,T-72EA,Tanks,United States,USA,Ukraine,UA,45,True,False,https://i.postimg.cc/KjygcsNq/ea,2022.0
33,Leopard 2A4,Tanks,Poland,PL,Ukraine,UA,14,True,False,https://i.postimg.cc/CMDHQWVS/image.jpg,1985.0
34,Leopard 2A4,Tanks,Canada,CAN,Ukraine,UA,8,True,False,https://i.postimg.cc/m2ynMfLn/image.jpg,1985.0
35,Leopard 2A4,Tanks,Norway,NOR,Ukraine,UA,8,True,False,https://i.postimg.cc/sDKPLNRF/image.jpg,1985.0
36,Leopard 2A6,Tanks,Germany,GER,Ukraine,UA,18,True,False,https://i.postimg.cc/7h8V9r40/23d.png,2007.0
37,Leopard 2A6,Tanks,Portugal,POR,Ukraine,UA,3,True,False,https://i.postimg.cc/KcBQzj7N/28p.png,2007.0
38,Challenger 2,Tanks,United Kingdom,UK,Ukraine,UA,14,True,False,https://i.postimg.cc/vmwZGPGX/Defence,1998.0
39,PT-91,Tanks,Poland,PL,Ukraine,UA,60,True,False,https://i.postimg.cc/xdh81wQM/image.jpg,1990.0
40,Leopard 2A4,Tanks,Spain,SP,Ukraine,UA,10,True,False,https://i.postimg.cc/7LjrnhW6/48jp.png,1985.0
41,Strv 122,Tanks,Sweden,SWE,Ukraine,UA,10,True,False,https://i.postimg.cc/sDv4gfZD/744.png,1997.0
42,Leopard 1A5,Tanks,Netherlands,NTHL,Ukraine,UA,135,True,False,https://i.postimg.cc/yxqb3YxY/image.jpg,1986.0
43,Leopard 1A5BE,Tanks,Netherlands,NTHL,Ukraine,UA,30,True,False,https://i.postimg.cc/K8xnNB03/6717119885,1986.0
44,M1A1 Abrams',Tanks,United States,USA,Ukraine,UA,31,True,False,https://postimg.cc/RN7v8V9x,1985.0
45,Leopard 2A4,Tanks,Netherlands,NTHL,Ukraine,UA,14,True,False,https://i.postimg.cc/X7qZPyz7/52.png,1985.0
46,Leopard 1A5,Tanks,Denmark,DEN,Ukraine,UA,30,True,False,https://postlmg.cc/XG88TW9T,1986.0
47,T-72EA,Tanks,Denmark,DEN,Ukraine,UA,15,True,False,https://i.postimg.cc/KjygcsNq/ea,2022.0
48,Fennek,Tanks,Netherlands,NTHL,Ukraine,UA,0,True,False,https://i.postimg.cc/hGRN1RXB/image.jpg,2001.0
49,AMX-10 RC(R),Tanks,France,FR,Ukraine,UA,40,True,False,https://i.postimg.cc/43ww7Dtw/287.png,1981.0
50,BPzV Svatava,Tanks,Czech Republic,CZ,Ukraine,UA,0,True,False,https://twitter.com/oryxspioenkop/status/1660284095744684033,
51,FV107 Scimitar Mk II,Tanks,United Kingdom,UK,Ukraine,UA,23,True,False,https://i.postimg.cc/s2kMG9mt/251.png,2011.0
52,Combat And Logistics Vehicle,Tanks,United Kingdom,UK,Ukraine,UA,47,True,False,https://i.postimg.cc/hPQfFk76/image.jpg,
53,BVP-1,Infantry Fighting Vehicles,Czech Republic,CZ,Ukraine,UA,50,True,False,https://i.postimg.cc/hGNxmY3z/image.jpg,1966.0
54,Pbv 501A,Infantry Fighting Vehicles,Czech Republic,CZ,Ukraine,UA,56,True,False,https://postlmg.cc/Js708DVC,1966.0
55,BWP-1,Infantry Fighting Vehicles,Poland,PL,Ukraine,UA,142,True,False,https://twitter.com/UAWeapons/status/1549451122804391938,1966.0
56,BVP M-80A,Infantry Fighting Vehicles,Slovenia,SLVN,Ukraine,UA,35,True,False,https://i.postimg.cc/qBKbQ5dB/image.jpg,1970.0
57,BMP-1A1,Infantry Fighting Vehicles,Germany,GER,Ukraine,UA,40,True,False,https://twitter.com/BuschModelar/status/1650887278728806400,1966.0
58,BVP-1,Infantry Fighting Vehicles,Germany,GER,Ukraine,UA,30,True,False,https://i.postimg.cc/CMWqBn6p/336.png,1966.0
59,Marder 1A3,Infantry Fighting Vehicles,Germany,GER,Ukraine,UA,100,False,False,https://i.postimg.cc/t4sVt8L2/4h8.png,1988.0
60,M2A2 ODS Bradley,Infantry Fighting Vehicles,United States,USA,Ukraine,UA,186,True,False,https://i.postimg.cc/T12KysVj/image.jpg,1991.0
61,M7 BFIST,Infantry Fighting Vehicles,United States,USA,Ukraine,UA,4,True,False,https://i.postimg.cc/KvdwmWmy/image.jpg,
62,CV9040C,Infantry Fighting Vehicles,Sweden,SWE,Ukraine,UA,50,True,False,https://i.postimg.cc/rskRznhC/image.jpg,1993.0
63,KTO Rosomaks**,Infantry Fighting Vehicles,Poland,PL,Ukraine,UA,200,True,False,https://i.postimg.cc/3Rwm5YDB/kto,2001.0
64,AIFV-B-C25,Infantry Fighting Vehicles,NONE,NONE,Ukraine,UA,0,True,False,https://i.postimg.cc/vB1Sbrv6/24k.png,1970.0
65,BMP-1A1,Infantry Fighting Vehicles,Greece,GRE,Ukraine,UA,0,True,False,https://twitter.com/BuschModelar/status/1650887278728806400,1966.0
66,YPR-765,Armored Personnel Carriers,Netherlands,NTHL,Ukraine,UA,196,True,False,https://i.postimg.cc/MZBfxcCd/54g.png,1970.0
67,M113,Armored Personnel Carriers,Lithuania,LITH,Ukraine,UA,72,True,False,https://postlmg.cc/DSdGnJ98,1960.0
68,M577,Armored Personnel Carriers,Lithuania,LITH,Ukraine,UA,0,True,False,https://i.postimg.cc/c4w5X5wM/428.png,1963.0
69,FV103 Spartan,Armored Personnel Carriers,United Kingdom,UK,Ukraine,UA,35,True,False,https://i.postimg.cc/1XZYQGZN/image.jpg,1978.0
70,M113AS4,Armored Personnel Carriers,Australia,AUS,Ukraine,UA,56,True,False,https://i.postimg.cc/m2B6pywv/image.jpg,1960.0
71,M113G3DK/G4DK,Armored Personnel Carriers,Denmark,DEN,Ukraine,UA,54,True,False,https://i.postimg.cc/TP1ppf6s/26.png,1960.0
72,M113,Armored Personnel Carriers,United States,USA,Ukraine,UA,300,True,False,https://twitter.com/UAWeapons/status/1547293090565816320,1960.0
73,M113 Armoured Medical Treatment Vehicle,Armored Personnel Carriers,United States,USA,Ukraine,UA,300,True,False,https://twitter.com/JackDetsch/status/1556686677464293382,1960.0
74,M113,Armored Personnel Carriers,Portugal,POR,Ukraine,UA,42,True,False,https://i.postimg.cc/cCjHmbwF/image.jpg,1960.0
75,M577,Armored Personnel Carriers,Portugal,POR,Ukraine,UA,2,True,False,https://i.postimg.cc/T1phTDqf/2gp.png,1963.0
76,VAB,Armored Personnel Carriers,France,FR,Ukraine,UA,60,True,False,https://twitter.com/UAWeapons/status/1552795141215248384,
77,Sisu XA-185,Armored Personnel Carriers,Finland,FIN,Ukraine,UA,20,True,False,https://i.postimg.cc/cLb6MZBw/image.jpg,1984.0
78,FV104 Samaritan,Armored Personnel Carriers,United Kingdom,UK,Ukraine,UA,40,True,False,https://i.postimg.cc/hv68DVsB/mfikyhlwz,
79,TAB-71M,Armored Personnel Carriers,Romania,ROM,Ukraine,UA,0,True,False,https://i.postimg.cc/8P21Fmrv/29425632.jpg,1970.0
80,Armoured Combat Support Vehicles (ACSVs),Armored Personnel Carriers,Canada,CAN,Ukraine,UA,39,True,False,https://i.postimg.cc/k5G7ZgKL/468.png,
81,M113,Armored Personnel Carriers,Spain,SP,Ukraine,UA,60,True,False,https://i.postimg.cc/NFPR3yP2/1657640830.jpg,1960.0
82,M113,Armored Personnel Carriers,United Kingdom,UK,Ukraine,UA,46,True,False,https://twitter.com/DefenceHQ/status/1612457937074622464,1960.0
83,Bandvagn BvS 10,Armored Personnel Carriers,Netherlands,NTHL,Ukraine,UA,28,True,False,https://i.postimg.cc/j5kM6BK8/6h6.jpg,2014.0
84,Bandvagn BV 206S',Armored Personnel Carriers,Italy,ITA,Ukraine,UA,0,True,False,https://i.postimg.cc/cHghXrrY/image.jpg,1980.0
85,Stryker,Armored Personnel Carriers,United States,USA,Ukraine,UA,189,True,False,https://i.postimg.cc/Bv41HpwP/a1.png,2002.0
86,Valuk,Armored Personnel Carriers,Slovenia,SLVN,Ukraine,UA,20,True,False,https://i.postimg.cc/0Q356P1w/1302.jpg,1996.0
87,Bandvagn BV 206S',Armored Personnel Carriers,Germany,GER,Ukraine,UA,64,True,False,https://i.postimg.cc/NM88mhmJ/maschinengewehr,1980.0
88,M113,Armored Personnel Carriers,Belgium,BLG,Ukraine,UA,40,True,False,https://i.postimg.cc/rFLQ2sXB/13.webp,1960.0
89,M1117 ASV,Armored Personnel Carriers,United States,USA,Ukraine,UA,250,True,False,https://i.postimg.cc/qRdDXhYv/46.png,1999.0
90,Armoured Personnel Carriers (Including FV430 Bulldogs),Armored Personnel Carriers,United Kingdom,UK,Ukraine,UA,100,True,False,https://i.postimg.cc/yxMpNDXw/321.png,2006.0
91,BTR-60PB,Armored Personnel Carriers,Bulgaria,BUL,Ukraine,UA,100,True,False,https://i.postimg.cc/2SGFGJH1/image.jpg,1966.0
92,MT-LB,Armored Personnel Carriers,Poland,PL,Ukraine,UA,60,True,False,https://i.postimg.cc/pTCrD8HJ/3200.jpg,1970.0
93,RG-31 Nyala Ambulance,MRAP Vehicles,Spain,SP,Ukraine,UA,1,True,False,https://i.postimg.cc/3W5cqcXS/2f0.png,
94,Bushmaster Protected Mobility Vehicle,MRAP Vehicles,Australia,AUS,Ukraine,UA,120,True,False,https://i.postimg.cc/mr2pnvmc/image.jpg,1997.0
95,Alvis 4s ''Mamba'',MRAP Vehicles,Estonia,EST,Ukraine,UA,7,True,False,https://i.postimg.cc/SNZj5ph0/image.jpg,
96,Wolfhound Heavy Tactical Support Vehicle,MRAP Vehicles,United Kingdom,UK,Ukraine,UA,0,True,False,https://i.postimg.cc/tTS2HNbD/98e6297850dd76d6.jpg,2002.0
97,Mastiff Protected Patrol Vehicle,MRAP Vehicles,United Kingdom,UK,Ukraine,UA,0,True,False,https://i.postimg.cc/NGdWgRD3/288680229,2002.0
98,International M1224 MaxxPro,MRAP Vehicles,United States,USA,Ukraine,UA,440,True,False,https://i.postimg.cc/90DZ0QBK/image.jpg,2007.0
99,BMC Kirpi**,MRAP Vehicles,Turkey,TRK,Ukraine,UA,200,True,False,https://twitter.com/UAWeapons/status/1556763621002297345,2009.0
100,Dingo,MRAP Vehicles,Germany,GER,Ukraine,UA,50,True,False,https://i.postimg.cc/HnQ68p50/4484.png,2000.0
101,Cougar 4x4,MRAP Vehicles,United States,USA,Ukraine,UA,37,True,False,https://i.postimg.cc/g0sLDhfS/a2.png,2002.0
102,Cougar 6x6,MRAP Vehicles,United States,USA,Ukraine,UA,0,True,False,https://i.postimg.cc/T2rKMFWN/image.jpg,2002.0
103,Oshkosh M-ATV,MRAP Vehicles,United States,USA,Ukraine,UA,0,True,False,https://twitter.com/Tendar/status/1637003471764299776,2009.0
104,International M1224 MaxxPro,MRAP Vehicles,Albania,ALB,Ukraine,UA,22,True,False,https://i.postimg.cc/0Q2yMCB0/3288.png,2007.0
105,Unknown MRAP,MRAP Vehicles,United States,USA,Ukraine,UA,289,False,False,https://www.defense.gov/News/Releases/Release/Article/3261263/more,
106,Dingo 2s Equipped With CORTEX Typhon RWS To Counter Uncrewed Aerial Systems (C-UAS),MRAP Vehicles,Norway,NOR,Ukraine,UA,0,True,False,https://i.postimg.cc/sfkRv3YC/226.jpg,2000.0
107,HMMWV,Infantry Mobility Vehicles,United States,USA,Ukraine,UA,2000,True,False,https://i.postimg.cc/RVW08MMZ/5889.png,1983.0
108,Husky Tactical Support Vehicle,Infantry Mobility Vehicles,United Kingdom,UK,Ukraine,UA,0,True,False,https://i.postimg.cc/B6Bf5yxb/FVM857,2006.0
109,Roshel Senator,Infantry Mobility Vehicles,Canada,CAN,Ukraine,UA,330,True,False,https://i.postimg.cc/DfDVRNDs/image.jpg,2018.0
110,AMZ Dzik-2,Infantry Mobility Vehicles,Poland,PL,Ukraine,UA,19,True,False,https://i.postimg.cc/pLcgFstM/image.jpg,2004.0
111,VTLM Lince,Infantry Mobility Vehicles,Italy,ITA,Ukraine,UA,0,True,False,https://twitter.com/UAWeapons/status/1541017838202359809,1990.0
112,Iveco LAV III,Infantry Mobility Vehicles,Norway,NOR,Ukraine,UA,14,True,False,https://twitter.com/UAWeapons/status/1585641573433298945,
113,HMMWV,Infantry Mobility Vehicles,Luxembourg,LUX,Ukraine,UA,28,True,False,https://i.postimg.cc/sfZqtknC/image.jpg,1983.0
114,Inkas Titan-S 4x4,Infantry Mobility Vehicles,NONE,NONE,Ukraine,UA,0,True,False,https://twitter.com/praisethesteph/status/1600479852724830208,
115,HMMWV,Infantry Mobility Vehicles,Slovenia,SLVN,Ukraine,UA,20,True,False,https://twitter.com/clashreport/status/1633527609953771522,1983.0
116,BATT UMG,Infantry Mobility Vehicles,NONE,NONE,Ukraine,UA,100,True,False,https://twitter.com/praisethesteph/status/1604570764606308355,
117,Panthera T6,Infantry Mobility Vehicles,NONE,NONE,Ukraine,UA,0,True,False,https://i.postimg.cc/vBRVNZmH/image.jpg,
118,Iveco LMV,Infantry Mobility Vehicles,Belgium,BLG,Ukraine,UA,80,True,False,https://i.postimg.cc/MHjw2hRJ/Iveco,1990.0
119,Otokar Cobra IIs**,Infantry Mobility Vehicles,Turkey,TRK,Ukraine,UA,20,True,False,https://i.postimg.cc/hjR3mCLh/76hp.png,2013.0
120,Roshel Senator,Infantry Mobility Vehicles,NONE,NONE,Ukraine,UA,220,True,False,https://i.postimg.cc/DfDVRNDs/image.jpg,2018.0
121,BATT UMG,Infantry Mobility Vehicles,Germany,GER,Ukraine,UA,66,True,False,https://i.postimg.cc/mrhRsbRk/1692d4886e3417a1cad6372930a8256d.png,
122,Light Tactical Vehicle,Infantry Mobility Vehicles,United States,USA,Ukraine,UA,150,True,False,https://i.postimg.cc/HLLJbnT8/558.png,
123,Roshel Senator,Infantry Mobility Vehicles,United States,USA,Ukraine,UA,190,True,False,https://i.postimg.cc/yYmdHjY8/78463b00388d3723.jpg,2018.0
124,Caracal 4x4,Infantry Mobility Vehicles,Germany,GER,Ukraine,UA,5,True,False,https://i.postimg.cc/13Pf7tYJ/1000,
125,122mm D-30,Towed Artillery,Estonia,EST,Ukraine,UA,20,True,False,https://i.postimg.cc/qqh7wzwc/5422.jpg,1960.0
126,155mm M777,Towed Artillery,United States,USA,Ukraine,UA,180,True,False,https://i.postimg.cc/RF9wv2RQ/653.jpg,2005.0
127,155mm M777,Towed Artillery,Australia,AUS,Ukraine,UA,6,True,False,https://i.postimg.cc/x1G5C9rX/79.png,2005.0
128,155mm M777,Towed Artillery,Canada,CAN,Ukraine,UA,4,True,False,https://i.postimg.cc/CKP5Zgdh/37h.png,2005.0
130,152mm D-20,Towed Artillery,Czech Republic,CZ,Ukraine,UA,0,True,False,https://i.postimg.cc/XJgn78sw/image.jpg,1947.0
131,155mm FH-70,Towed Artillery,Estonia,EST,Ukraine,UA,24,True,False,https://i.postimg.cc/wv7KPdBJ/image.jpg,1968.0
132,155mm FH-70,Towed Artillery,Italy,ITA,Ukraine,UA,0,True,False,https://i.postimg.cc/Jh5jGT6S/image.jpg,1968.0
133,130mm M-46,Towed Artillery,Croatia,CRO,Ukraine,UA,15,True,False,https://i.postimg.cc/43xn2zsC/Haubice,1981.0
134,105mm L118/L119,Towed Artillery,United Kingdom,UK,Ukraine,UA,54,True,False,https://i.postimg.cc/cLssyy3J/image.jpg,1974.0
135,105mm M119,Towed Artillery,United States,USA,Ukraine,UA,72,True,False,https://twitter.com/SecDef/status/1560962109713833985,1989.0
136,155mm TRF1s*,Towed Artillery,France,FR,Ukraine,UA,20,True,False,https://i.postimg.cc/xCs3mYBQ/33800.png,1990.0
137,105mm M101,Towed Artillery,Slovenia,SLVN,Ukraine,UA,16,True,False,https://i.postimg.cc/B6J0jggs/photo,1941.0
138,105mm OTO Melara Mod 56,Towed Artillery,Spain,SP,Ukraine,UA,6,True,False,https://i.postimg.cc/DwTpfxrP/My,1950.0
139,122mm D-30,Towed Artillery,Croatia,CRO,Ukraine,UA,25,True,False,https://i.postimg.cc/zvxt53LF/a8c76607751f9dfb1e83.jpg,1960.0
140,152mm 152 K89s (2A36 Giatsint-Bs),Towed Artillery,Finland,FIN,Ukraine,UA,152,True,False,https://twitter.com/UAWeapons/status/1646193566299963411,1975.0
141,152mm M1981s (D-20s),Towed Artillery,Romania,ROM,Ukraine,UA,0,True,False,https://twitter.com/UAWeapons/status/1658496648366940160,1947.0
142,130mm 130 K54s (M-46s),Towed Artillery,Finland,FIN,Ukraine,UA,130,True,False,https://twitter.com/UAWeapons/status/1707353673750229261,1981.0
143,152mm DANA M2,Towed Artillery,Czech Republic,CZ,Ukraine,UA,30,True,False,https://i.postimg.cc/Wzh05SGT/1307.jpg,2018.0
144,122mm 2S1 Gvozdika,Towed Artillery,Czech Republic,CZ,Ukraine,UA,1,True,False,https://i.postimg.cc/d0k0bCNv/76y.png,1972.0
145,122mm 2S1 Go dzik,Towed Artillery,Poland,PL,Ukraine,UA,70,True,False,https://twitter.com/UAWeapons/status/1539936503568257025,1972.0
146,155mm Caesar 6x6,Towed Artillery,France,FR,Ukraine,UA,36,True,False,https://i.postimg.cc/tTpYHMmv/image.jpg,2008.0
147,155mm M109A3GN,Towed Artillery,Norway,NOR,Ukraine,UA,23,True,False,https://i.postimg.cc/0j17nhQD/image.jpg,1969.0
148,155mm PzH 2000,Towed Artillery,Netherlands,NTHL,Ukraine,UA,8,True,False,https://i.postimg.cc/nzB2tF3S/683.png,1998.0
149,155mm PzH 2000,Towed Artillery,Italy,ITA,Ukraine,UA,6,True,False,https://i.postimg.cc/nzB2tF3S/683.png,1998.0
150,155mm AHS Krab,Towed Artillery,Poland,PL,Ukraine,UA,54,True,False,https://i.postimg.cc/NMfqG0rV/6665.png,2008.0
151,LPG WDSz,Towed Artillery,Poland,PL,Ukraine,UA,0,True,False,https://i.postimg.cc/d3ktgHtZ/image.jpg,
152,155mm ShKH Zuzana 2s*,Towed Artillery,Slovakia,SLVK,Ukraine,UA,16,True,False,https://i.postimg.cc/sgPJ6D6F/image.jpg,1998.0
153,155mm M109A5 ,Towed Artillery,Latvia,LTV,Ukraine,UA,6,True,False,https://i.postimg.cc/tg85Cc7Q/65g.png,1979.0
154,155mm M109L,Towed Artillery,Italy,ITA,Ukraine,UA,100,True,False,https://twitter.com/UAWeapons/status/1586001454426619906,1979.0
155,120mm Panzerm rser M113,Towed Artillery,Lithuania,LITH,Ukraine,UA,12,True,False,https://i.postimg.cc/sDLv5Wrn/image.jpg,1960.0
156,122mm 2S1 Gvozdika,Towed Artillery,NONE,NONE,Ukraine,UA,1,True,False,https://i.postimg.cc/ncHX2LN1/Bulgarian,1972.0
157,155mm M109A4BE,Towed Artillery,United Kingdom,UK,Ukraine,UA,20,True,False,https://i.postimg.cc/jSZK8crc/34.png,1969.0
158,81mm/120mm M113 Mortar Variant,Towed Artillery,Spain,SP,Ukraine,UA,5,True,False,https://i.postimg.cc/NFPR3yP2/1657640830.jpg,1960.0
159,155mm AS-90,Towed Artillery,United Kingdom,UK,Ukraine,UA,32,True,False,https://i.postimg.cc/ZKrzkRnt/1302.jpg,1992.0
160,155mm Caesar 8x8,Towed Artillery,Denmark,DEN,Ukraine,UA,19,True,False,https://i.postimg.cc/mZ5H976J/4347.png,2008.0
161,155mm M109A6,Towed Artillery,United States,USA,Ukraine,UA,18,True,False,https://i.postimg.cc/WpWB7bMy/Fv,1994.0
162,120mm Alakran Mortar On Toyota Land Cruisers**,Towed Artillery,Spain,SP,Ukraine,UA,0,True,False,https://i.postimg.cc/vZtHqq7F/3277.png,
163,122mm 122 PSH 74s (2S1 Gvozdikas),Towed Artillery,Finland,FIN,Ukraine,UA,122,True,False,https://i.postimg.cc/YCXN9Yg4/6530.png,1972.0
164,155mm Archer Artillery System,Towed Artillery,Sweden,SWE,Ukraine,UA,8,True,False,https://i.postimg.cc/tgdF4BKK/1309.jpg,2016.0
165,155mm T-155 F rt na,Towed Artillery,Turkey,TRK,Ukraine,UA,155,True,False,https://i.postimg.cc/0Q7XmVKT/3877.jpg,1995.0
166,155mm RCH-155s*,Towed Artillery,Germany,GER,Ukraine,UA,18,True,False,https://i.postimg.cc/9MQM59xQ/559.png,2022.0
167,120mm M120 Raks*,Towed Artillery,Poland,PL,Ukraine,UA,24,True,False,https://i.postimg.cc/0ymbLsKt/maxresdefault.jpg,2017.0
168,122mm RM-70,Towed Artillery,Czech Republic,CZ,Ukraine,UA,20,True,False,https://twitter.com/UAWeapons/status/1524811909710610432,1972.0
169,122mm BM-21 Grad,Towed Artillery,Czech Republic,CZ,Ukraine,UA,21,True,False,https://i.postimg.cc/T191FG8v/image.jpg,1963.0
170,230mm TRLG-230,Towed Artillery,Turkey,TRK,Ukraine,UA,0,True,False,https://i.postimg.cc/fW99bBMh/image.jpg,
171,122mm RM-70 Vampir,Towed Artillery,Czech Republic,CZ,Ukraine,UA,70,True,False,https://twitter.com/UAWeapons/status/1546455028554244096,1972.0
172,122mm BM-21 Grad,Towed Artillery,Poland,PL,Ukraine,UA,20,True,False,https://i.postimg.cc/x1zth2t9/5570.png,1963.0
173,227mm HIMARS,Towed Artillery,United States,USA,Ukraine,UA,38,True,False,https://i.postimg.cc/PrzgLX7k/f332.jpg,2010.0
174,227mm M270B1 MLRS,Towed Artillery,United Kingdom,UK,Ukraine,UA,14,True,False,https://twitter.com/Militarylandnet/status/1552916272899301377,2005.0
175,227mm M270 MARS MLRS,Towed Artillery,Germany,GER,Ukraine,UA,5,True,False,https://i.postimg.cc/dt8gFDMF/65300.jpg,1983.0
176,227mm M270A1 MLRS-I,Towed Artillery,Italy,ITA,Ukraine,UA,2,True,False,https://twitter.com/Militarylandnet/status/1552916272899301377,2005.0
177,227mm LRU MLRS,Towed Artillery,France,FR,Ukraine,UA,2,True,False,https://i.postimg.cc/66HLnjD4/image.jpg,1983.0
178,128mm RAK SA-12,Towed Artillery,Croatia,CRO,Ukraine,UA,0,True,False,https://i.postimg.cc/HstK1t6T/2500.jpg,
179,122mm APR-40,Towed Artillery,Romania,ROM,Ukraine,UA,0,True,False,https://i.postimg.cc/J0hWJRm9/image.jpg,1963.0
180,23 ItK 61,Anti-Aircraft Guns,Finland,FIN,Ukraine,UA,23,True,False,https://i.postimg.cc/1zkmL6rW/image.jpg,
181,Zastava M55,Anti-Aircraft Guns,Slovenia,SLVN,Ukraine,UA,200,True,False,https://i.postimg.cc/Z5wSvbxt/Fg,
182,Zastava M75,Anti-Aircraft Guns,Slovenia,SLVN,Ukraine,UA,0,True,False,https://i.postimg.cc/vZJvz9zW/653.png,
183,Bofors 40L70,Anti-Aircraft Guns,Lithuania,LITH,Ukraine,UA,36,True,False,https://i.postimg.cc/bwLhXpkL/1300.jpg,1952.0
184,Bofors 40L70,Anti-Aircraft Guns,Netherlands,NTHL,Ukraine,UA,17,True,False,https://i.postimg.cc/8PfXgrD5/image.jpg,1952.0
185,AZP S-60,Anti-Aircraft Guns,Poland,PL,Ukraine,UA,0,True,False,https://i.postimg.cc/C1KmVSNx/1318.jpg,1950.0
186,''Anti-Aircraft Guns'',Anti-Aircraft Guns,United States,USA,Ukraine,UA,0,True,False,https://media.defense.gov/2023/Feb/24/2003167682/,
187,CORTEX Typhon integrated anti-drone system,Anti-Aircraft Guns,Norway,NOR,Ukraine,UA,0,False,False,https://i.postimg.cc/mgbBjtwB/1400.jpg,
188,Gepard,Self-Propelled Anti-Air Guns,Germany,GER,Ukraine,UA,67,True,False,https://i.postimg.cc/wxSM77R0/387.png,1976.0
189,ZSU-23-4 Shilka,Self-Propelled Anti-Air Guns,Poland,PL,Ukraine,UA,4,True,False,https://i.postimg.cc/T3643pRL/image.jpg,1960.0
190,Hibneryt self-propelled anti-aircraft gun,Self-Propelled Anti-Air Guns,Poland,PL,Ukraine,UA,0,True,False,https://i.postimg.cc/jSZNX9xt/3200.jpg,
191,Oerlikon Skynex System,Self-Propelled Anti-Air Guns,Germany,GER,Ukraine,UA,2,True,False,https://postlmg.cc/qN36cyjB,2011.0
192,Cheetah PRTL,Self-Propelled Anti-Air Guns,United States,USA,Ukraine,UA,0,True,False,https://i.postimg.cc/FKVKn8wJ/y.jpg,
193,S-300PMU Battery,Surface-To-Air Missile Systems,Slovakia,SLVK,Ukraine,UA,1,True,False,https://youtu.be/HPww4iMXsRc,1985.0
194,9K35 Strela-10M,Surface-To-Air Missile Systems,Czech Republic,CZ,Ukraine,UA,6,True,False,https://i.postimg.cc/qMZxcG4M/image.jpg,1976.0
195,Stormer HVM,Surface-To-Air Missile Systems,United Kingdom,UK,Ukraine,UA,6,True,False,https://i.postimg.cc/XN9CrXJn/3327.jpg,1981.0
196,IRIS-T SLM System,Surface-To-Air Missile Systems,Germany,GER,Ukraine,UA,8,True,False,https://i.postimg.cc/mrw3sXYh/image.jpg,2015.0
197,NASAMS batteries,Surface-To-Air Missile Systems,United States,USA,Ukraine,UA,12,True,False,https://i.postimg.cc/bwq2WPb7/f43.png,1997.0
198,Spada 2000 Battery,Surface-To-Air Missile Systems,Spain,SP,Ukraine,UA,1,True,False,https://i.postimg.cc/D0kKbJcX/476.png,
199,Crotale NG batteries,Surface-To-Air Missile Systems,France,FR,Ukraine,UA,2,True,False,https://i.postimg.cc/h4x3CFX1/446.png,1970.0
200,MIM-23 Hawk Phase I/III (21) Battery,Surface-To-Air Missile Systems,Spain,SP,Ukraine,UA,1,True,False,https://i.postimg.cc/2jBSH8QX/26.png,1960.0
201,MIM-23 Hawk Firing Unit,Surface-To-Air Missile Systems,United States,USA,Ukraine,UA,2,True,False,https://i.postimg.cc/2jBSH8QX/26.png,1960.0
202,AN/TWQ-1 Avenger,Surface-To-Air Missile Systems,United States,USA,Ukraine,UA,20,True,False,https://i.postimg.cc/76ZrmjNJ/688.png,1989.0
203,S-125 Newa SC,Surface-To-Air Missile Systems,Poland,PL,Ukraine,UA,125,True,False,https://i.postimg.cc/xdqqBSJV/image.jpg,1961.0
204,9K33 Osa-AK(M),Surface-To-Air Missile Systems,Poland,PL,Ukraine,UA,33,True,False,https://twitter.com/UAWeapons/status/1609182934816231425,1971.0
205,Osa-AKM-P1 Żądło,Surface-To-Air Missile Systems,Poland,PL,Ukraine,UA,1,True,False,https://twitter.com/UAWeapons/status/1616133892993318912,1971.0
206,SkyGuard Aspide,Surface-To-Air Missile Systems,Italy,ITA,Ukraine,UA,0,True,False,https://i.postimg.cc/D0kKbJcX/476.png,
207,Spada,Surface-To-Air Missile Systems,Italy,ITA,Ukraine,UA,0,True,False,https://i.postimg.cc/YCkWhmR7/1300,
208,Patriot Battery,Surface-To-Air Missile Systems,Germany,GER,Ukraine,UA,2,False,False,https://i.postimg.cc/7Lr06qRP/6y.png,1981.0
209,Patriot Launcher,Surface-To-Air Missile Systems,Germany,GER,Ukraine,UA,2,False,False,https://postlmg.cc/68zybxwF,1981.0
210,Patriot Launcher,Surface-To-Air Missile Systems,Netherlands,NTHL,Ukraine,UA,2,True,False,https://i.postimg.cc/7Lr06qRP/6y.png,1981.0
211,Patriot Battery,Surface-To-Air Missile Systems,United States,USA,Ukraine,UA,1,True,False,https://i.postimg.cc/gJfhjdqv/image.jpg,1981.0
212,SAMP/T Battery,Surface-To-Air Missile Systems,Italy,ITA,Ukraine,UA,1,True,False,https://i.postimg.cc/CLp0F5hB/3400.jpg,2001.0
213,Supacat HMT-based ASRAAM SAM Launcher,Surface-To-Air Missile Systems,United Kingdom,UK,Ukraine,UA,0,True,False,https://i.postimg.cc/6qZzq77Y/368.jpg,1999.0
214,IRIS-T SLS Launcher,Surface-To-Air Missile Systems,Germany,GER,Ukraine,UA,22,True,False,https://i.postimg.cc/xdRTDVd4/image.png,2015.0
215,2K12M2 Kub-M2s batteries,Surface-To-Air Missile Systems,Czech Republic,CZ,Ukraine,UA,2,True,False,https://i.postimg.cc/R04HnK34/54g2.png,1967.0
216,Vampire Counter-Unmanned Aerial System,Surface-To-Air Missile Systems,United States,USA,Ukraine,UA,14,True,False,https://i.postimg.cc/SQdfZgFN/ims,
217,NASAMS Battery,Surface-To-Air Missile Systems,Canada,CAN,Ukraine,UA,1,True,False,https://i.postimg.cc/bwq2WPb7/f43.png,1997.0
218,NASAMS Firing Unit,Surface-To-Air Missile Systems,Norway,NOR,Ukraine,UA,4,True,False,https://i.postimg.cc/bwq2WPb7/f43.png,1997.0
219,2K12M2 Kub-M2,Surface-To-Air Missile Systems,Slovakia,SLVK,Ukraine,UA,2,True,False,https://i.postimg.cc/Qx3RyJ9X/2560px,1967.0
220,AGM-84 Harpoon (Launcher and Missiles),Anti-Ship Missiles,Denmark,DEN,Ukraine,UA,84,True,False,https://i.postimg.cc/d1bRDgC6/38.png,1977.0
221,AGM-84 Harpoon (Missiles),Anti-Ship Missiles,United Kingdom,UK,Ukraine,UA,84,True,False,https://i.postimg.cc/WzYc5s9Z/6652.png,1977.0
222,AGM-84 Harpoon (Missiles),Anti-Ship Missiles,Netherlands,NTHL,Ukraine,UA,84,True,False,https://i.postimg.cc/WzYc5s9Z/6652.png,1977.0
223,AGM-84 Harpoon (Launcher and an unknown number of missiles),Anti-Ship Missiles,United States,USA,Ukraine,UA,2,True,False,https://i.postimg.cc/WzYc5s9Z/6652.png,1977.0
224,AGM-84 Harpoon (Missiles),Anti-Ship Missiles,Spain,SP,Ukraine,UA,5,True,False,https://i.postimg.cc/WzYc5s9Z/6652.png,1977.0
225,R-73E Short-Range AAM,Anti-Ship Missiles,Poland,PL,Ukraine,UA,100,True,False,https://i.postimg.cc/JnzBW7rv/2f.png,1984.0
226,R-60MK Short-Range AAM,Anti-Ship Missiles,Macedonia,MAC,Ukraine,UA,0,True,False,https://i.postimg.cc/qRN8QdJk/219693617,1970.0
227,R-27R1 Beyond-Visual-Range AAM,Anti-Ship Missiles,Slovakia,SLVK,Ukraine,UA,1,True,False,https://i.postimg.cc/Y2QXnfmZ/663g.png,1983.0
228,R-73E Short-Range AAM,Anti-Ship Missiles,Slovakia,SLVK,Ukraine,UA,0,True,False,https://i.postimg.cc/Y2QXnfmZ/663g.png,1984.0
229,R-60MK Short-Range AAM,Anti-Ship Missiles,Slovakia,SLVK,Ukraine,UA,0,True,False,https://i.postimg.cc/Y2QXnfmZ/663g.png,1970.0
230,AIM-9 Short-Range AAM,Anti-Ship Missiles,Canada,CAN,Ukraine,UA,43,True,False,https://i.postimg.cc/V6ZRhXhL/2228.png,1956.0
231,AIM-7 Beyond-Visual-Range AAM,Anti-Ship Missiles,Canada,CAN,Ukraine,UA,287,True,False,https://i.postimg.cc/J7GqCz92/aim,1958.0
232,AIM-9M Short-Range AAM,Anti-Ship Missiles,United States,USA,Ukraine,UA,0,True,False,https://i.postimg.cc/T3ZN6JTW/32.png,1956.0
233,MAM-L Guided Bomb,Air-To-Ground Weaponry,Turkey,TRK,Ukraine,UA,0,True,False,https://i.postimg.cc/sDNxS4sJ/588.png,
234,MAM-C Guided Bomb,Air-To-Ground Weaponry,Turkey,TRK,Ukraine,UA,0,True,False,https://i.postimg.cc/sDNxS4sJ/588.png,
235,AGM-88 HARM Anti-Radiation Missile,Air-To-Ground Weaponry,United States,USA,Ukraine,UA,88,True,False,https://twitter.com/UAWeapons/status/1556286860128931843,1985.0
236,Storm Shadow Cruise Missile,Air-To-Ground Weaponry,United Kingdom,UK,Ukraine,UA,0,True,False,https://i.postimg.cc/jqv4LWHJ/63g.png,2003.0
237,SCALP EG Cruise Missile,Air-To-Ground Weaponry,France,FR,Ukraine,UA,0,True,False,https://i.postimg.cc/7PpY9SkM/image.jpg,2003.0
238,Brimstone 1,Surface-To-Surface Missiles,United Kingdom,UK,Ukraine,UA,600,True,False,https://twitter.com/UAWeapons/status/1524778779364696066,2005.0
240,Wolfram,Surface-To-Surface Missiles,United Kingdom,UK,Ukraine,UA,0,True,False,https://postlmg.cc/rdc8tHFZ,1999.0
241,Brimstone 2,Surface-To-Surface Missiles,United Kingdom,UK,Ukraine,UA,0,True,False,https://twitter.com/UAWeapons/status/1594631837867020288,2012.0
243,Wolfram,Surface-To-Surface Missiles,United Kingdom,UK,Ukraine,UA,0,True,False,https://postlmg.cc/rdc8tHFZ,1999.0
244,Hellfire Shore Defense Systems ''Robot 17'',Surface-To-Surface Missiles,Sweden,SWE,Ukraine,UA,0,True,False,https://i.postimg.cc/hvVStQ1W/339.png,1984.0
245,Hellfire Shore Defense Systems (Launchers and 160 Missiles),Surface-To-Surface Missiles,Norway,NOR,Ukraine,UA,160,True,False,https://i.postimg.cc/DyVVRg4h/338k.png,1984.0
246,Laser-Guided Rocket,Surface-To-Surface Missiles,United States,USA,Ukraine,UA,0,True,False,https://i.postimg.cc/Y9D5MX3z/image.png,
247,APKWS,Surface-To-Surface Missiles,United States,USA,Ukraine,UA,0,True,False,https://i.postimg.cc/J04nkpDF/36h.png,2012.0
248,70mm Laser-Guided Rocket Launchers On Pick-Up Truck,Surface-To-Surface Missiles,Germany,GER,Ukraine,UA,0,True,False,https://www.bundesregierung.de/breg,
249,''Electronic Jamming Equipment'',Surface-To-Surface Missiles,United States,USA,Ukraine,UA,0,True,False,https://twitter.com/Osinttechnical/status/1545535520071208968,
250,''Electronic Warfare Equipment'',Surface-To-Surface Missiles,United Kingdom,UK,Ukraine,UA,0,True,False,https://www.army,
251,''GPS Jamming Equipment'',Surface-To-Surface Missiles,United Kingdom,UK,Ukraine,UA,0,True,False,https://www.army,
252,''Electronic Warfare And Counter-Electronic Warfare Equipment'',Surface-To-Surface Missiles,United States,USA,Ukraine,UA,0,True,False,https://twitter.com/BNONews/status/1699862518238179780,
253,Switchblade 300,Loitering Munitions,United States,USA,Ukraine,UA,1000,True,False,https://i.postimg.cc/G3ZJvYhp/28.png,2011.0
254,Switchblade 600,Loitering Munitions,United States,USA,Ukraine,UA,100,True,False,https://i.postimg.cc/63rTqRsy/95.png,2020.0
255,''Loitering Munitions'',Loitering Munitions,United Kingdom,UK,Ukraine,UA,0,True,False,https://www.gov.uk/government/news/prime,
256,PPDS',Loitering Munitions,Australia,AUS,Ukraine,UA,0,True,False,https://twitter.com/AlexRaptor94/status/1673255381122920449,
257,Phoenix Ghost,Loitering Munitions,United States,USA,Ukraine,UA,1801,True,False,https://i.postimg.cc/Pqh1zc88/6654.png,
258,DefendTex D40,Loitering Munitions,Australia,AUS,Ukraine,UA,300,True,False,https://i.postimg.cc/65QCQgTH/558.png,
259,WB Electronics FlyEye,Reconnaissance UAVs,Poland,PL,Ukraine,UA,0,True,False,https://i.postimg.cc/vTvKbDhD/48.png,
260,Mini-Bayraktar,Reconnaissance UAVs,Turkey,TRK,Ukraine,UA,30,True,False,https://www.oryxspioenkop.com/2022/04/new,2007.0
261,RQ-35 Heidrun,Reconnaissance UAVs,Denmark,DEN,Ukraine,UA,25,True,False,https://i.postimg.cc/Wz790wpN/skywatch,
262,RQ-20 Puma,Reconnaissance UAVs,United States,USA,Ukraine,UA,20,True,False,https://i.postimg.cc/GpJVbd9V/image.jpg,2008.0
263,Tekever AR3,Reconnaissance UAVs,Portugal,POR,Ukraine,UA,6,True,False,https://i.postimg.cc/j2t7rh7j/dron1.png,
264,Unmanned Aerial Vehicle,Reconnaissance UAVs,Netherlands,NTHL,Ukraine,UA,0,True,False,https://nos.nl/artikel/2432074,
264,Unmanned Aerial Vehicle,Reconnaissance UAVs,Netherlands,NTHL,Ukraine,UA,0,True,False,https://nos.nl/artikel/2432074,
265,Quantix  Recon,Reconnaissance UAVs,United States,USA,Ukraine,UA,100,True,False,https://i.postimg.cc/d155RVrJ/image.png,
266,Unmanned Aerial Vehicle,Reconnaissance UAVs,Portugal,POR,Ukraine,UA,6,True,False,https://i.postimg.cc/XNFG3zGD/441.png,
266,Unmanned Aerial Vehicle,Reconnaissance UAVs,Portugal,POR,Ukraine,UA,6,True,False,https://i.postimg.cc/XNFG3zGD/441.png,
267,Primoco One 150,Reconnaissance UAVs,Luxembourg,LUX,Ukraine,UA,9,True,False,https://i.postimg.cc/zv7NC6KD/227.png,2015.0
268,Primoco One 150,Reconnaissance UAVs,Luxembourg,LUX,Ukraine,UA,18,True,False,https://i.postimg.cc/zv7NC6KD/227.png,2015.0
269,Black Hornet,Reconnaissance UAVs,Norway,NOR,Ukraine,UA,850,True,False,https://i.postimg.cc/bJfXbLbr/image.jpg,
269,Black Hornet,Reconnaissance UAVs,Norway,NOR,Ukraine,UA,850,True,False,https://i.postimg.cc/bJfXbLbr/image.jpg,
270,Vector,Reconnaissance UAVs,Germany,GER,Ukraine,UA,425,False,False,https://i.postimg.cc/7Lcst78r/image.jpg,
271,Reconnaissance UAV,Reconnaissance UAVs,Germany,GER,Ukraine,UA,153,True,False,https://www.bundesregierung.de/breg,
272,Sky-Hero Loki MkII Quadcopter,Reconnaissance UAVs,Belgium,BLG,Ukraine,UA,0,True,False,https://i.postimg.cc/TwSb7vdJ/image.jpg,
273,''Unmanned Aerial Vehicles'',Reconnaissance UAVs,Estonia,EST,Ukraine,UA,7,True,False,https://mil.in.ua/en/news/estonia,
273,''Unmanned Aerial Vehicles'',Reconnaissance UAVs,Estonia,EST,Ukraine,UA,7,True,False,https://mil.in.ua/en/news/estonia,
274,''Unmanned Aerial Vehicles'',Reconnaissance UAVs,United Kingdom,UK,Ukraine,UA,0,True,False,https://www.reuters.com/world/uk/britain,
274,''Unmanned Aerial Vehicles'',Reconnaissance UAVs,United Kingdom,UK,Ukraine,UA,0,True,False,https://www.reuters.com/world/uk/britain,
275,Boeing Insitu ScanEagle 2,Reconnaissance UAVs,United States,USA,Ukraine,UA,15,True,False,https://i.postimg.cc/6qgVKQ9k/4470.png,
276,DeltaQuad Pro VTOL,Reconnaissance UAVs,Netherlands,NTHL,Ukraine,UA,0,True,False,https://i.postimg.cc/BbvQJ0cp/22.jpg,
277,''Unmanned Aerial And Ground Vehicles'',Reconnaissance UAVs,Australia,AUS,Ukraine,UA,0,True,False,https://twitter.com/latikambourke/status/1509434798946803721,
278,Black Hornet,Reconnaissance UAVs,Norway,NOR,Ukraine,UA,1000,True,False,https://i.postimg.cc/y8p8JpSD/57.png,
278,Black Hornet,Reconnaissance UAVs,Norway,NOR,Ukraine,UA,1000,True,False,https://i.postimg.cc/y8p8JpSD/57.png,
279,Jump 20,Reconnaissance UAVs,United States,USA,Ukraine,UA,0,True,False,https://i.postimg.cc/VLGvJmhB/77.webp,
280,Altius-600,Reconnaissance UAVs,United States,USA,Ukraine,UA,0,True,False,https://i.postimg.cc/fyLx45Fx/image.jpg,
281,CyberLux K8,Reconnaissance UAVs,United States,USA,Ukraine,UA,0,True,False,https://i.postimg.cc/hjTQm6m4/25.jpg,
282,Penguin,Reconnaissance UAVs,United States,USA,Ukraine,UA,0,True,False,https://i.postimg.cc/RZXfntdC/443.png,
283,Luna,Reconnaissance UAVs,Germany,GER,Ukraine,UA,0,True,False,https://i.postimg.cc/CKhKx7kw/335.webp,
284,RQ-35 Heidrun,Reconnaissance UAVs,Germany,GER,Ukraine,UA,80,True,False,https://i.postimg.cc/25nsdKbx/sitemgr,
285,Malloy Aeronautics T150,Cargo Drones,United Kingdom,UK,Ukraine,UA,0,True,False,https://i.postimg.cc/D0vXqY41/541.png,
286,AN/TPQ-36 Firefinder Weapons Locating Radar,Cargo Drones,Netherlands,NTHL,Ukraine,UA,5,True,False,https://i.postimg.cc/90v6hMhB/3d.png,
286,AN/TPQ-36 Firefinder Weapons Locating Radar,Cargo Drones,Netherlands,NTHL,Ukraine,UA,5,True,False,https://i.postimg.cc/90v6hMhB/3d.png,
287,Thales Squire Ground Surveillance Radar,Cargo Drones,Netherlands,NTHL,Ukraine,UA,2,True,False,https://i.postimg.cc/Y0h77Zmt/1f.png,
288,AN/TPQ-36 Firefinder Weapons Locating Radar,Cargo Drones,United States,USA,Ukraine,UA,26,True,False,https://i.postimg.cc/RVW08MMZ/5889.png,
288,AN/TPQ-36 Firefinder Weapons Locating Radar,Cargo Drones,United States,USA,Ukraine,UA,26,True,False,https://i.postimg.cc/RVW08MMZ/5889.png,
289,AN/MPQ-64 Sentinel Air Surveillance Radar,Cargo Drones,United States,USA,Ukraine,UA,21,True,False,https://i.postimg.cc/RVW08MMZ/5889.png,1995.0
290,Counter-Mortar Radar System,Cargo Drones,United States,USA,Ukraine,UA,24,False,False,https://i.postimg.cc/Y9D5MX3z/image.png,
291,Unknown Radar System,Cargo Drones,Australia,AUS,Ukraine,UA,0,True,False,https://www.abc.net.au/news/2022,
292,Ground Surveillance Radar,Cargo Drones,Germany,GER,Ukraine,UA,46,True,False,https://www.bundesregierung.de/breg,
293,Cobra Counter-Battery Radar System,Cargo Drones,Germany,GER,Ukraine,UA,1,True,False,https://i.postimg.cc/N01Fp2Tm/image.jpg,
294,TRML-4D Radar System,Cargo Drones,Germany,GER,Ukraine,UA,8,True,False,https://i.postimg.cc/MHnmrWhx/1308.jpg,
295,Mamba Arthur Counter-Battery Radar,Cargo Drones,United Kingdom,UK,Ukraine,UA,0,True,False,https://twitter.com/PaulJawin/status/1579732448274833408,
296,AN/TPQ-37 Weapons Locating Radar,Cargo Drones,United States,USA,Ukraine,UA,37,True,False,https://i.postimg.cc/xCVKW1c7/27c870463e501baa1db44486960fd7fc.jpg,1980.0
297,PS-90 Air Surveillance Radar,Cargo Drones,Sweden,SWE,Ukraine,UA,90,True,False,https://i.postimg.cc/sg3Qq1Ym/image.jpg,
298,Counter-Artillery Radar,Cargo Drones,United States,USA,Ukraine,UA,28,True,False,https://twitter.com/JackDetsch/status/1562481136181202944,
299,Multi-Mission Radar,Cargo Drones,United States,USA,Ukraine,UA,20,True,False,https://www.defense.gov/News/Releases/Release/Article/3173378/11,
300,Ground Master 200,Cargo Drones,France,FR,Ukraine,UA,4,True,False,https://i.postimg.cc/Dww8mw0d/7776.png,2008.0
301,VERA-NG Passive Radar,Cargo Drones,Netherlands,NTHL,Ukraine,UA,4,True,False,https://i.postimg.cc/Y0GmPbmk/VNGsand,
302,ARTHUR Counter-Battery Radar,Cargo Drones,Norway,NOR,Ukraine,UA,3,True,False,https://i.postimg.cc/fk4XyCQd/3d3.jpg,1994.0
303,Bergepanzer 2 Armoured Recovery Vehicle,Cargo Drones,Germany,GER,Ukraine,UA,21,True,False,https://i.postimg.cc/nc3H6TYP/image.jpg,1966.0
304,M1089A1P2 and M984A4 HEMTT Wrecker,Cargo Drones,United States,USA,Ukraine,UA,104,True,False,https://i.postimg.cc/9QN7B4Jj/1301.jpg,1982.0
305,M88A1 and A2 Hercule,Cargo Drones,United States,USA,Ukraine,UA,8,True,False,https://i.postimg.cc/Sj0M8YwV/1302,1961.0
306,Brückenlegepanzer Biber Bridgelayer,Cargo Drones,Germany,GER,Ukraine,UA,26,True,False,https://i.postimg.cc/9Q4pyqWn/477.png,1965.0
307,GCS-200 Remote Controlled And Protected Mine Clearing System,Cargo Drones,Germany,GER,Ukraine,UA,3,True,False,https://i.postimg.cc/ZntXFLk7/Fvdtb,
308,Bozena 5 Remote Controlled Mine Clearance System,Cargo Drones,Slovakia,SLVK,Ukraine,UA,2,True,False,https://i.postimg.cc/7Z4rgc3v/4100.jpg,
309,M113AS4 Armoured Logistics Vehicle,Cargo Drones,Australia,AUS,Ukraine,UA,4,True,False,https://i.postimg.cc/WpKd47Zs/7754.jpg,1960.0
310,Bergepanzer 3 Armoured Recovery Vehicle,Cargo Drones,Canada,CAN,Ukraine,UA,3,True,False,https://twitter.com/AnitaAnandMP/status/1637109663413026817,1979.0
311,Challenger Armoured Repair and Recovery Vehicle,Cargo Drones,United Kingdom,UK,Ukraine,UA,0,True,False,https://i.postimg.cc/s2C3ZkgD/3df.png,1988.0
312,Bergepanzer 3 Armoured Recovery Vehicle,Cargo Drones,Germany,GER,Ukraine,UA,2,True,False,https://i.postimg.cc/xT487F7C/46.png,1979.0
313,Wisent 1 Mine-Clearing Tank,Cargo Drones,Germany,GER,Ukraine,UA,42,True,False,https://i.postimg.cc/jjR0MMhv/Wi,2008.0
314,Pionierpanzer 2A1 Dachs Armoured Engineering Vehicle,Cargo Drones,Germany,GER,Ukraine,UA,5,True,False,https://i.postimg.cc/63sKPS7j/f25.png,
315,Pansret Broslagningsvogn Biber Bridgelayer,Cargo Drones,Denmark,DEN,Ukraine,UA,0,True,False,https://i.postimg.cc/sxZg2dCR/774.png,1965.0
316,PNINK Wisent 1 Armoured Recovery Vehicles (ARVs),Cargo Drones,Denmark,DEN,Ukraine,UA,1,True,False,https://i.postimg.cc/8kFRv71T/337.png,
317,Hydrema 910 Mine Clearing Vehicle,Cargo Drones,Denmark,DEN,Ukraine,UA,910,True,False,https://i.postimg.cc/jjwkqPsm/54h.png,
318,GCS-200 Remote Controlled Mine Clearing Vehicle,Cargo Drones,Canada,CAN,Ukraine,UA,200,True,False,https://i.postimg.cc/nz6MmNtz/image.jpg,
319,NM217 Armoured Recovery Vehicle,Cargo Drones,Norway,NOR,Ukraine,UA,2,True,False,https://i.postimg.cc/fy4ddTR7/image.jpg,
320,NM189 Ingeni rpanservogn Armoured Engineering Vehicle,Cargo Drones,Norway,NOR,Ukraine,UA,2,True,False,https://twitter.com/UAWeapons/status/1661017391810383876,
321,DOK-ING MV-4 Remote Controlled Mine Clearance System,Cargo Drones,South Korea,SK,Ukraine,UA,6,True,False,https://i.postimg.cc/BvHKSWBv/6h0.png,
322,Leopard 2R Mine-Clearing Tank,Cargo Drones,Finland,FIN,Ukraine,UA,6,True,False,https://i.postimg.cc/KYm3zWcx/image.jpg,1979.0
323,Bärgningsbandvagn 90 Armoured Recovery Vehicle,Cargo Drones,Sweden,SWE,Ukraine,UA,90,True,False,https://i.postimg.cc/1Xk62bJ2/689.jpg,
324,Brückenlegepanzer Biber Bridgelayer,Cargo Drones,Netherlands,NTHL,Ukraine,UA,5,True,False,https://i.postimg.cc/B6L0sZHM/Leopard,1965.0
325,DIGGER D-250 Remote Controlled Mine Clearance System,Cargo Drones,Switzerland,SWZ,Ukraine,UA,1,True,False,https://i.postimg.cc/gkyvM905/image.jpg,
326,NM199 (M548) Tracked Logistics Vehicle,Cargo Drones,Norway,NOR,Ukraine,UA,51,True,False,https://i.postimg.cc/G2124Btj/13.webp,
327,Motorised Floating Bridges*,Cargo Drones,France,FR,Ukraine,UA,0,True,False,https://i.postimg.cc/x1pK7d5p/447.png,
328,M3 Amphibious Bridging Vehicles ,Cargo Drones,Netherlands,NTHL,Ukraine,UA,6,True,False,https://i.postimg.cc/XYPfq3CQ/ssb,
329,VAB Génie Engineering Vehicle,Cargo Drones,France,FR,Ukraine,UA,0,True,False,https://i.postimg.cc/jdntYJ9x/46h.png,
330,K600 Combat Engineering Vehicle,Cargo Drones,South Korea,SK,Ukraine,UA,2,True,False,https://i.postimg.cc/BQmvcXPg/764.png,
331,SDZ mine clearance robot,Cargo Drones,France,FR,Ukraine,UA,0,True,False,https://i.postimg.cc/Ss997x1z/3201.jpg,
332,SeaFox Autonomous Mine-Detecting Underwater Vehicle,Cargo Drones,Netherlands,NTHL,Ukraine,UA,2,True,False,https://i.postimg.cc/JzrHPVmc/545.png,2001.0
333,Autonomous Surface Vessel,Cargo Drones,Germany,GER,Ukraine,UA,20,True,False,https://www.bundesregierung.de/breg,
334,Sonobot 5,Cargo Drones,Germany,GER,Ukraine,UA,70,True,False,https://i.postimg.cc/D0bDzzzR/1001,
335,Dauntless Sea Ark Patrol Boat,Cargo Drones,United States,USA,Ukraine,UA,0,True,False,https://www.navalnews.com/naval,
336,Small Unit Riverine Craft (SURC),Cargo Drones,United States,USA,Ukraine,UA,0,True,False,https://i.postimg.cc/mrqPrWW9/h80.png,
337,40-foot Riverine Patrol Boat,Cargo Drones,United States,USA,Ukraine,UA,0,True,False,https://i.postimg.cc/6qpgbgTH/8873.png,
338,Armoured Riverine Boat,Cargo Drones,United States,USA,Ukraine,UA,0,True,False,https://i.postimg.cc/5ykyYkSc/431.png,
339,Unmanned Coastal Defence Vessels (USVs),Cargo Drones,United States,USA,Ukraine,UA,0,True,False,https://i.postimg.cc/RVW08MMZ/5889.png,
340,R7 Remotely Operated Vehicle,Cargo Drones,Belgium,BLG,Ukraine,UA,10,True,False,https://i.postimg.cc/FsLTHm9Y/image.jpg,
341,Alkmaar-Class Minehunter,Cargo Drones,Netherlands,NTHL,Ukraine,UA,2,True,False,https://i.postimg.cc/G2hDD6K3/3fs.png,1983.0
342,Mohajer-6,Unmanned Combat Aerial Vehicles,Iran,IR,Russia,RU,0,True,False,https://i.postimg.cc/QMzYtHv6/image.jpg,2018.0
343,Shahed-131 'Geran-1',Loitering Munitions,Iran,IR,Russia,RU,0,True,False,https://i.postimg.cc/L6Q5QSPt/image.jpg,2021.0
344,Shahed-136 'Geran-3',Loitering Munitions,Iran,IR,Russia,RU,0,True,False,https://i.postimg.cc/d1VgxbrC/image.jpg,2020.0
345,T-72A,Tanks,Belarus,BEL,Russia,RU,98,True,True,https://twitter.com/MotolkoHelp/status/1583472456094056449,1979.0
346,Turretless BMP,Armored Fighting Vehicles,Belarus,BEL,Russia,RU,20,True,True,https://twitter.com/MotolkoHelp/status/1593324664251613184,1966.0
347,BMP-2,Infantry Fighting Vehicles,Belarus,BEL,Russia,RU,40,True,True,https://i.postimg.cc/yxZJ0rQq/photo-2022-11-01-16-39-28-1.jpg,1980.0
348,Shaanxi Baoji Tiger,Infantry Mobility Vehicles,China,CN,Russia,RU,8,True,False,https://i.postimg.cc/Y2scfNzG/image.jpg,
349,Ural-4320,Trucks,Belarus,BEL,Russia,RU,53,True,True,https://twitter.com/MotolkoHelp/status/1586127856228519937,1976.0
